loss,accuracy,val_loss,val_accuracy
1.4122741222381592,0.48149558901786804,0.8097460865974426,0.517708957195282
